step,native_loss,arm_rmse,gripper_error_percent,frames,valid_actions
500,0.30230177104473116,0.2834787463158957,13.584036838066002,200,1303
1000,0.2789882254600525,0.26515205868065084,12.509593246354566,200,1303
1500,0.2700630348920822,0.25082126796048254,10.821181887950882,200,1303
2000,0.26717853665351865,0.2444179873236569,11.051419800460476,200,1303
2500,0.2700721734762192,0.2495703226360789,10.360706062931696,200,1303
3000,0.2625515472888946,0.23547027339713253,11.28165771297007,200,1303
3500,0.24671307623386382,0.2209063059582995,9.132770529547198,200,1303
4000,0.2579935085773468,0.24226272529494736,7.904834996162702,200,1303
4500,0.2498569232225418,0.23362174190967178,7.751343054489639,200,1303
5000,0.24148937940597534,0.2165096018664881,9.056024558710668,200,1303
5500,0.24037080347537995,0.2104729365041207,10.130468150422104,200,1303
