split,task_id,row,episode,frame,valid_actions,arm_mse,translation_mse,mean_arm_mse,normalized_mse,gripper_error,roundtrip_arm_error,roundtrip_gripper_error,gripper_prediction_mean,target_gripper_mean
train,0,6524,53,40,7,0.000825780036393553,0.0016033462015911937,0.12047487497329712,0.0009545372449792922,0.0,5.960464477539063e-08,0.0,1.009225606918335,1.0
train,0,19779,160,17,7,0.0004605050489772111,0.000910386792384088,0.11121046543121338,0.0004922263324260712,0.0,2.9802322387695312e-08,0.0,1.001372218132019,1.0
train,1,9073,73,125,7,0.0003006082843057811,0.0005827670684084296,0.015438288450241089,0.14080557227134705,0.0,4.190951585769653e-08,0.0,-0.008423622697591782,-1.0
train,1,22403,180,108,7,0.0004550051817204803,0.0008683412452228367,0.04673386365175247,0.14196227490901947,0.0,5.960464477539063e-08,0.0,-0.005133690778166056,-1.0
train,2,10199,82,27,7,0.0006610631244257092,0.001288384199142456,0.05683884769678116,0.04147409647703171,0.0,3.725290298461914e-08,0.0,0.7214103937149048,0.4285714626312256
train,2,27346,221,53,7,0.0004678106924984604,0.0008681814069859684,0.21421265602111816,0.1411694884300232,0.0,5.960464477539063e-08,0.0,-0.008288532495498657,-1.0
train,3,12468,101,13,7,0.00047303474275395274,0.0009208800620399415,0.09483662247657776,0.0005403229151852429,0.0,4.470348358154297e-08,0.0,1.007308006286621,1.0
train,3,20049,162,40,7,0.000297506689094007,0.0005406049895100296,0.03874092549085617,0.14184336364269257,0.0,8.195638656616211e-08,0.0,-0.005068200174719095,-1.0
train,4,10306,83,26,7,0.0016946609830483794,0.0033020025584846735,0.1494668424129486,0.0019030570983886719,0.0,5.960464477539063e-08,0.0,1.011737585067749,1.0
train,4,28382,230,12,7,0.00035369789111427963,0.0006929105729795992,0.13254569470882416,0.00040644960245117545,0.0,5.960464477539063e-08,0.0,1.0093727111816406,1.0
train,5,11865,96,14,7,0.0001246095052920282,0.00024338049115613103,0.10439049452543259,0.00016281598072964698,0.0,5.960464477539063e-08,0.0,1.001180648803711,1.0
train,5,25632,207,78,7,0.0003239535726606846,0.0006169512635096908,0.026308035477995872,0.040197454392910004,0.0,5.122274160385132e-08,0.0,0.7132334113121033,0.4285714626312256
train,6,12619,102,20,7,0.00047267143963836133,0.0008777733310125768,0.10051467269659042,0.0006405180902220309,0.0,5.960464477539063e-08,0.0,1.0022807121276855,1.0
train,6,25446,206,1,7,0.0040261512622237206,0.007705262862145901,0.05537049472332001,0.004973287228494883,0.0,8.940696716308594e-08,0.0,1.0000684261322021,1.0
train,7,8586,70,41,7,0.00029119139071553946,0.0005707396776415408,0.11213690787553787,0.0003325693542137742,0.0,8.568167686462402e-08,0.0,1.0073730945587158,1.0
train,7,21810,175,98,7,0.00034823737223632634,0.0005889481981284916,0.0617818608880043,0.06087101995944977,0.0,4.470348358154297e-08,0.0,0.5735161900520325,0.1428571492433548
train,8,7204,59,43,7,0.0006041797460056841,0.0010876214364543557,0.022838670760393143,0.14277954399585724,0.0,5.960464477539063e-08,0.0,-0.0034475200809538364,-1.0
train,8,22235,179,69,7,0.00017971177294384688,0.0003362161514814943,0.08542037010192871,0.14018003642559052,0.0,5.960464477539063e-08,0.0,-0.010349944233894348,-1.0
train,9,11223,90,113,7,0.00046598512562923133,0.0006976309232413769,0.023737382143735886,0.06135332211852074,0.0,2.9802322387695312e-08,0.0,0.5677893757820129,0.1428571492433548
train,9,22766,183,66,7,0.0002578491985332221,0.0004630725597962737,0.17999699711799622,0.1424390971660614,0.0,5.960464477539063e-08,0.0,-0.0028812652453780174,-1.0
heldout,0,742,384,21,7,0.0003177948819939047,0.0006096705328673124,0.12176837772130966,0.00042969168862327933,0.0,3.5390257835388184e-08,0.0,1.0048916339874268,1.0
heldout,0,1528,394,60,7,0.00023010220320429653,0.0003866412735078484,0.055633142590522766,0.14102518558502197,0.0,2.9802322387695312e-08,0.0,-0.007982616312801838,-1.0
heldout,1,478,379,155,7,0.0010329281212761998,0.0019922778010368347,0.04040230065584183,0.0012068968499079347,0.0,5.960464477539063e-08,0.0,1.0022082328796387,1.0
heldout,1,2401,402,34,7,0.001343479030765593,0.0025803004391491413,0.09163312613964081,0.0015964811900630593,0.0,2.9802322387695312e-08,0.0,1.0084542036056519,1.0
heldout,2,4888,423,90,7,0.0009610386332497001,0.0018269892316311598,0.04354017972946167,0.12172950059175491,0.0,2.9802322387695312e-08,0.0,0.13737422227859497,-0.7142857313156128
heldout,2,5023,424,123,7,0.001298671355471015,0.0024561090394854546,0.08132422715425491,0.04231591895222664,0.0,5.960464477539063e-08,0.0,0.7164899706840515,0.4285714626312256
heldout,3,3009,406,107,7,0.00010525628022151068,0.00018334366905037314,0.05097923055291176,0.14194491505622864,0.0,5.960464477539063e-08,0.0,-0.003855837509036064,-1.0
heldout,3,3813,414,7,7,0.0003623357624746859,0.0006739438395015895,0.09123440086841583,0.0004925112007185817,0.0,5.960464477539063e-08,0.0,1.0063608884811401,1.0
heldout,4,2052,399,6,7,0.00036760399234481156,0.0007236156379804015,0.10980413109064102,0.0004031804564874619,0.0,5.960464477539063e-08,0.0,1.0017883777618408,1.0
heldout,4,3194,408,58,7,0.00017241168825421482,0.00030852414784021676,0.0924755185842514,0.1410798579454422,0.0,5.960464477539063e-08,0.0,-0.007267517037689686,-1.0
heldout,5,1119,389,103,7,0.00042264669900760055,0.000759148271754384,0.08447549492120743,0.14252522587776184,0.0,5.960464477539063e-08,0.0,-0.0034367230255156755,-1.0
heldout,5,1976,398,28,7,0.0010004577925428748,0.0019450925756245852,0.10594455897808075,0.0011822080705314875,0.0,5.960464477539063e-08,0.0,1.0101374387741089,1.0
heldout,6,222,378,15,7,0.00041316141141578555,0.0006953697302378714,0.0775056704878807,0.0007687790202908218,0.0,5.960464477539063e-08,0.0,1.0027058124542236,1.0
heldout,6,946,387,70,7,0.00018627289682626724,0.0003504067426547408,0.056266751140356064,0.1412508338689804,0.0,5.960464477539063e-08,0.0,-0.006488018203526735,-1.0
heldout,7,2519,403,14,7,7.078254566295072e-05,0.00013729034981224686,0.0864015743136406,8.436958160018548e-05,0.0,7.82310962677002e-08,0.0,0.9987255334854126,1.0
heldout,7,4022,415,78,7,0.000711739354301244,0.0013747364282608032,0.1595696061849594,0.14208680391311646,0.0,5.960464477539063e-08,0.0,-0.005715029779821634,-1.0
heldout,8,1835,396,114,7,0.00020764063810929656,0.0003691058955155313,0.016808180138468742,0.1416407823562622,0.0,5.960464477539063e-08,0.0,-0.005449275951832533,-1.0
heldout,8,3077,407,43,7,0.0007498888880945742,0.001452834578230977,0.14124496281147003,0.14269237220287323,0.0,5.960464477539063e-08,0.0,-0.003579408163204789,-1.0
heldout,9,715,383,130,6,0.0005499363760463893,0.001009922125376761,0.015974048525094986,0.000772986386436969,0.0,8.940696716308594e-08,0.0,1.0035521984100342,1.0
heldout,9,3736,413,49,7,0.0006105219363234937,0.0011787283001467586,0.07573819160461426,0.14220844209194183,0.0,5.960464477539063e-08,0.0,-0.004782295785844326,-1.0
